[{"title":"狄仁杰之四大天王","url":"//v.youku.com/v_show/id_XMzc5Njc5NjQ3Mg==.html","imgs":"http://r1.ykimg.com/051600005B34454508B80D584C024C61"},{"title":"英伦对决","url":"//v.youku.com/v_show/id_XMzE4ODk0NDczMg==.html","imgs":"http://r1.ykimg.com/0516000059C4A504859B5D02FC0D5A77"},{"title":"机器之血","url":"//v.youku.com/v_show/id_XMzM5NTQyMTI2MA==.html","imgs":"http://r1.ykimg.com/051600005A3C8D22ADBAC30558028ED8"},{"title":"我不是药神 纪录片","url":"//v.youku.com/v_show/id_XMzcwNjg5MDUyNA==.html","imgs":"http://r1.ykimg.com/051600005B3DD757E5CC8B0885050483"},{"title":"狄仁杰之夺命天眼","url":"//v.youku.com/v_show/id_XMzc0MjU5NzIyNA==.html","imgs":"http://r1.ykimg.com/051600005B6CED53859B5D330B000BA7"},{"title":"叶问3","url":"//v.youku.com/v_show/id_XMTU0OTE5MDg2NA==.html","imgs":"http://r1.ykimg.com/0516000056D6457D67BC3C2B420B8575"},{"title":"羞羞的铁拳","url":"//v.youku.com/v_show/id_XMzI0NzMxMjcxMg==.html","imgs":"http://r1.ykimg.com/051600005A30DEBDADBDD3BCB4005B40"},{"title":"心理罪之城市之光","url":"//v.youku.com/v_show/id_XMzM2ODY3MDU4OA==.html","imgs":"http://r1.ykimg.com/051600005A6EB20EADBDD303DB0D8993"},{"title":"天才J之致命推理","url":"//v.youku.com/v_show/id_XMzc4NTA4NjI0NA==.html","imgs":"http://r1.ykimg.com/051600005B890196ADB18544550068D1"},{"title":"功守道","url":"//v.youku.com/v_show/id_XMzE0ODM1ODg1Ng==.html","imgs":"http://r1.ykimg.com/051600005A07EC22ADBC092D8C0A7FB4"},{"title":"碟中谍5","url":"//v.youku.com/v_show/id_XMTQwNTUzNjgwMA==.html","imgs":"http://r1.ykimg.com/051600005662A87667BC3C60000C464F"},{"title":"蚁人","url":"//v.youku.com/v_show/id_XMTQwMzU1NzU2OA==.html","imgs":"http://r1.ykimg.com/051600005AF94B81859B5EAECF0BF19B"},{"title":"心花路放","url":"//v.youku.com/v_show/id_XODMzOTcyNjg0.html","imgs":"http://r1.ykimg.com/05160000593FB6D2ADBA1FCFB60F094D"},{"title":"红海行动","url":"//v.youku.com/v_show/id_XMzU2NTk0Mzc5Mg==.html","imgs":"http://r1.ykimg.com/051600005A7D192DAD881A64500AB1A7"},{"title":"逃学威龙2","url":"//v.youku.com/v_show/id_XMTg4NTkyMzk2.html","imgs":"http://r1.ykimg.com/0516000054B35E5B67379F656003CE53"},{"title":"捉妖记2","url":"//v.youku.com/v_show/id_XMzUxMTI2NzIxNg==.html","imgs":"http://r1.ykimg.com/051600005A52D962ADBAC3D0BB06AAAA"},{"title":"天才J之谜题里的倒计时","url":"//v.youku.com/v_show/id_XMzc4NTE4MDA5Mg==.html","imgs":"http://r1.ykimg.com/051600005B87B2AD8B339014FA0DFE8F"},{"title":"猛虫过江","url":"//v.youku.com/v_show/id_XMzcyMjA2ODgzNg==.html","imgs":"http://r1.ykimg.com/051600005B1A239D859B5DEC940CACA1"},{"title":"狄仁杰之神都龙王","url":"//v.youku.com/v_show/id_XMzczNDYzMTkzMg==.html","imgs":"http://r1.ykimg.com/0516000059631E67ADBC09035A0648A7"},{"title":"幸福马上来","url":"//v.youku.com/v_show/id_XMzc3MTExODkzNg==.html","imgs":"http://r1.ykimg.com/051600005B6BB9AB859B5DC70D05B1E1"},{"title":"旋风小子2：新乌龙院","url":"//v.youku.com/v_show/id_XMTg0NDc2MTUy.html","imgs":"http://r1.ykimg.com/051600005302EEEF675839142D00B56D"},{"title":"狄仁杰之通天帝国","url":"//v.youku.com/v_show/id_XMzczNDg4Njc4NA==.html","imgs":"http://r1.ykimg.com/0516000051DE55E467583958EA0BD7D6"},{"title":"美人鱼","url":"//v.youku.com/v_show/id_XMTUzNzM1MjUwMA==.html","imgs":"http://r1.ykimg.com/0516000056AEBBF867BC3C2A310ACDA8"},{"title":"绝地逃亡","url":"//v.youku.com/v_show/id_XMTczMjM4MTA4OA==.html","imgs":"http://r1.ykimg.com/0516000057D0CA1F67BC3C035C025D22"},{"title":"捉妖特工队","url":"//v.youku.com/v_show/id_XMzc5OTM1NzgyNA==.html","imgs":"http://r1.ykimg.com/051600005B85114B859B5E3EC20C8149"},{"title":"科幻5分钟","url":"//v.youku.com/v_show/id_XMjc0MTA2MzQ4OA==.html","imgs":"http://r1.ykimg.com/051600005965EE5BADBAC30507059955"},{"title":"《狄仁杰之四大天王》独家幕后记录","url":"//v.youku.com/v_show/id_XMzc0OTE1NDY4MA==.html","imgs":"http://r1.ykimg.com/051600005B74027E859B5E92C505153B"},{"title":"金鸡大劫案","url":"//v.youku.com/v_show/id_XMzQ2MDQ2NjI1Mg==.html","imgs":"http://r1.ykimg.com/051600005AA62EDC859B5C05BB086C89"},{"title":"战狼2","url":"//v.youku.com/v_show/id_XMzA4OTA4OTQyMA==.html","imgs":"http://r1.ykimg.com/0516000059EEA362ADBA1FA27503A6DF"},{"title":"夏洛特烦恼","url":"//v.youku.com/v_show/id_XMTM5OTY1NTI4MA==.html","imgs":"http://r1.ykimg.com/051600005963387C859B5C052006F32F"},{"title":"的士速递2","url":"//v.youku.com/v_show/id_XMTY1MjEyMTk4MA==.html","imgs":"http://r1.ykimg.com/051600005992B874ADBC0902FC0B4568"},{"title":"澳门风云3","url":"//v.youku.com/v_show/id_XMTUxMTU4MzYyOA==.html","imgs":"http://r1.ykimg.com/05160000569DE91F67BC3C19790DEFE1"},{"title":"唐人街探案2","url":"//v.youku.com/v_show/id_XMzUzNTY5NzkyNA==.html","imgs":"http://r1.ykimg.com/051600005AD6DA9BADBDD3522A055076"},{"title":"黑豹","url":"//v.youku.com/v_show/id_XMzU3ODg3OTE0MA==.html","imgs":"http://r1.ykimg.com/051600005A98C0D7859B5D06270E8BD4"},{"title":"民国秘闻之天谴图腾","url":"//v.youku.com/v_show/id_XMzc5NDk1MTg4NA==.html","imgs":"http://r1.ykimg.com/051600005B7D14048B3390D8AA06AE2E"},{"title":"龙虾刑警","url":"//v.youku.com/v_show/id_XMzczNDE2MTIwOA==.html","imgs":"http://r1.ykimg.com/051600005AFBC255ADBDD34E89022993"},{"title":"金蝉脱壳2","url":"//v.youku.com/v_show/id_XMzc0NjgyMDg1Mg==.html","imgs":"http://r1.ykimg.com/051600005B177D4A859B5DA50403D3D7"},{"title":"勇敢者游戏：决战丛林","url":"//v.youku.com/v_show/id_XMzQ2MzMwOTIyOA==.html","imgs":"http://r1.ykimg.com/051600005A308ECFADBDD3BDA3063FA8"},{"title":"少林足球","url":"//v.youku.com/v_show/id_XMzQ2OTk2Mjky.html","imgs":"http://r1.ykimg.com/0516000054C9D93267379F1CE5097ACA"},{"title":"莫斯科陷落","url":"//v.youku.com/v_show/id_XMzU1NDUwNTQyOA==.html","imgs":"http://r1.ykimg.com/051600005A6FE15BADBC09059D096482"},{"title":"鲨海","url":"//v.youku.com/v_show/id_XMzMyNDY3OTM4OA==.html","imgs":"http://r1.ykimg.com/051600005A0AC572ADBC09309C058A5A"},{"title":"新片快看","url":"//v.youku.com/v_show/id_XMzIxNTQ1OTk2MA==.html","imgs":"http://r1.ykimg.com/051600005A2A430CADBDD30538070B1D"},{"title":"龙之战","url":"//v.youku.com/v_show/id_XMTQ4OTU0MDUy.html","imgs":"http://r1.ykimg.com/0516000059C0B6D0AD881A04A00ED971"},{"title":"食物链","url":"//v.youku.com/v_show/id_XOTA4NTE5MDI0.html","imgs":"http://r1.ykimg.com/0516000054FD339C67379F1D7D01849C"},{"title":"窥视情","url":"//v.youku.com/v_show/id_XMzA0MzY0MjQyOA==.html","imgs":"http://r1.ykimg.com/0516000059C4A100ADBC0904B900EA50"},{"title":"昼颜","url":"//v.youku.com/v_show/id_XMzY2OTY3NjQyOA==.html","imgs":"http://r1.ykimg.com/051600005B25D04CE5CC8B08750D13F2"},{"title":"天才J之第二个J","url":"//v.youku.com/v_show/id_XMzc4NTI2MjM3Ng==.html","imgs":"http://r1.ykimg.com/051600005B7509E6859B5D061B0A479D"},{"title":"蜘蛛侠：英雄归来","url":"//v.youku.com/v_show/id_XMzEyMTcwNjAyMA==.html","imgs":"http://r1.ykimg.com/0516000059BA3A70ADBC0904BE03281D"},{"title":"蜂鸟特攻","url":"//v.youku.com/v_show/id_XNzI4MjMxNTUy.html","imgs":"http://r1.ykimg.com/051600005A39CF60ADBA1F4F8F0B6BA6"},{"title":"大唐妖物志杀人凤凰","url":"//v.youku.com/v_show/id_XMzc3MjA2NDQ5Ng==.html","imgs":"http://r1.ykimg.com/051600005B864435ADB18532F60BE71E"},{"title":"追龙","url":"//v.youku.com/v_show/id_XMzIzNTkyNzYyOA==.html","imgs":"http://r1.ykimg.com/0516000059C20B29ADBAC304A2033421"},{"title":"速度与激情8","url":"//v.youku.com/v_show/id_XMjkzNzY0NzkyOA==.html","imgs":"http://r1.ykimg.com/0516000058E730C0ADBDD3825908D8A0"},{"title":"神偷奶爸3","url":"//v.youku.com/v_show/id_XMzA1NzU5MDY0OA==.html","imgs":"http://r1.ykimg.com/051600005959B76FADBA1FA70B07C42D"},{"title":"冰雪奇缘","url":"//v.youku.com/v_show/id_XNjk1ODc2NDMy.html","imgs":"http://r1.ykimg.com/051600005B1B8A34ADBDD3BA2901691B"},{"title":"新大头儿子小头爸爸","url":"//v.youku.com/v_show/id_XODYxMzIyNzUy.html","imgs":"http://r1.ykimg.com/051600005A19721DADBAC3054A03D7F2"},{"title":"旋风小子3:无敌反斗星","url":"//v.youku.com/v_show/id_XMjA1NjY1MjI4.html","imgs":"http://r1.ykimg.com/05160000530164B06758395D8E04939B"},{"title":"精灵旅社3番外篇：小狗！","url":"//v.youku.com/v_show/id_XMzc3ODI4NjQxMg==.html","imgs":"http://r1.ykimg.com/051600005B7153D8ADBAC31A71079B51"},{"title":"泄密者","url":"//v.youku.com/v_show/id_XMzcxODEzMDMzNg==.html","imgs":"http://r1.ykimg.com/051600005B1A3064859B5ED04C01B776"},{"title":"精灵旅社","url":"//v.youku.com/v_show/id_XNjc4NDgyOTUy.html","imgs":"http://r1.ykimg.com/05160000526A0B2267583948E60C1366"},{"title":"奇门遁甲","url":"//v.youku.com/v_show/id_XMzM0NTY1NTM4MA==.html","imgs":"http://r1.ykimg.com/051600005A30EBC7AD881A03DB0BE787"},{"title":"万魂镜之诛魔记","url":"//v.youku.com/v_show/id_XMzc3MTg0NjE2OA==.html","imgs":"http://r1.ykimg.com/051600005B642AF5859B5E495507378F"},{"title":"深宫蜜语","url":"//v.youku.com/v_show/id_XMzc3ODI0NTYyMA==.html","imgs":"http://r1.ykimg.com/051600005B7CF99BADBAC3BF1C0A49FE"},{"title":"一念天堂","url":"//v.youku.com/v_show/id_XMTQ1NzQ3MDI5Mg==.html","imgs":"http://r1.ykimg.com/051600005A5D75F1ADBAC3B2EA003EEF"},{"title":"怪医刀客","url":"//v.youku.com/v_show/id_XMzc5MjQ3ODY0OA==.html","imgs":"http://r1.ykimg.com/051600005B6C19B7ADBAC37758030D5F"},{"title":"盗墓寻龙","url":"//v.youku.com/v_show/id_XMzY1MTE4MzI3Ng==.html","imgs":"http://r1.ykimg.com/051600005B56DDE1ADBA1F9DE20D40F1"},{"title":"祖宗十九代","url":"//v.youku.com/v_show/id_XMzQ3OTk5Nzk0OA==.html","imgs":"http://r1.ykimg.com/051600005A782881ADBDD3E7F201E29D"},{"title":"使徒行者","url":"//v.youku.com/v_show/id_XMTcxNTA2OTEwNA==.html","imgs":"http://r1.ykimg.com/0516000057DE2CE567BC3C407B02DA5D"},{"title":"绝世高手","url":"//v.youku.com/v_show/id_XMjk1MzI0Mzk4NA==.html","imgs":"http://r1.ykimg.com/05160000598AC25AADBA1FB48B04EF3C"},{"title":"齐天大圣·万妖之城","url":"//v.youku.com/v_show/id_XMzQzMzY4NDQyOA==.html","imgs":"http://r1.ykimg.com/051600005A93CB9BADBAC35228039B70"},{"title":"逃学威龙3之龙过鸡年","url":"//v.youku.com/v_show/id_XMTg4NTkyOTk2.html","imgs":"http://r1.ykimg.com/0516000052F592AF675839285A0A7358"},{"title":"小黄人大眼萌","url":"//v.youku.com/v_show/id_XMzA3MzkyMTkzMg==.html","imgs":"http://r1.ykimg.com/0516000059DC426FADBC094E180A84AD"},{"title":"西游伏妖篇","url":"//v.youku.com/v_show/id_XMjcwNDg0NDI3Mg==.html","imgs":"http://r1.ykimg.com/0516000058E4C3AEADBAC3ACB6058037"},{"title":"鲨滩","url":"//v.youku.com/v_show/id_XMTgyMzE0NTYxNg==.html","imgs":"http://r1.ykimg.com/0516000057BD37EE67BC3C25630EDDC6"},{"title":"超级快递","url":"//v.youku.com/v_show/id_XMTg5MTg0ODcxMg==.html","imgs":"http://r1.ykimg.com/051600005837DEC167BC3C638106D701"},{"title":"S4侠降魔记","url":"//v.youku.com/v_show/id_XMzMyMjg0NjY0MA==.html","imgs":"http://r1.ykimg.com/051600005A6ECB77ADBC090593080A6D"},{"title":"古墓丽影：源起之战","url":"//v.youku.com/v_show/id_XMzY2MjA4MTkwNA==.html","imgs":"http://r1.ykimg.com/051600005A780CAFADBC096CC50DA77F"},{"title":"机械师2:复活","url":"//v.youku.com/v_show/id_XMTg0NDIxMzg0NA==.html","imgs":"http://r1.ykimg.com/051600005A192B45ADBAC305580861DC"},{"title":"死亡飞车","url":"//v.youku.com/v_show/id_XMzY1MDY5MzY0.html","imgs":"http://r1.ykimg.com/0516000059B7823EADBDD3087C03F56E"},{"title":"王牌美女特工","url":"//v.youku.com/v_show/id_XMzc4OTMwMzY0OA==.html","imgs":"http://r1.ykimg.com/051600005B724FCB8B339069F103B75A"},{"title":"最美的时候遇见你","url":"//v.youku.com/v_show/id_XMTQ1MTQ0MzUyNA==.html","imgs":"http://r1.ykimg.com/051600005A1F7AEFADBAC306030C6319"},{"title":"人在囧途","url":"//v.youku.com/v_show/id_XMTQyNzQ5MDkwNA==.html","imgs":"http://r1.ykimg.com/0516000051D6737767583932FE065949"},{"title":"前任3：再见前任","url":"//v.youku.com/v_show/id_XMzQzMjI3NDg1Ng==.html","imgs":"http://r1.ykimg.com/051600005A3C7E58ADBAC3055B0074CF"},{"title":"报告老板！","url":"//v.youku.com/v_show/id_XNjUwMDU2MDA4.html","imgs":"http://r1.ykimg.com/0516000052B79BE16758396E860D624C"},{"title":"妖铃铃","url":"//v.youku.com/v_show/id_XMzM4NTQ3ODcwNA==.html","imgs":"http://r1.ykimg.com/051600005A713489ADBA1F3494026A77"},{"title":"精武英雄","url":"//v.youku.com/v_show/id_XMzA1NTM5NDUzMg==.html","imgs":"http://r1.ykimg.com/051600005A0BC84DADBC0932FA008293"},{"title":"十二生肖","url":"//v.youku.com/v_show/id_XNTA2NjY3NTA0.html","imgs":"http://r1.ykimg.com/0516000051B3EA3B6758397D7204A077"},{"title":"龙兄虎弟","url":"//v.youku.com/v_show/id_XNjA4MzA1MjY4.html","imgs":"http://r1.ykimg.com/0516000053B37A9167379F111A0DC5A3"},{"title":"九品芝麻官之白面包青天","url":"//v.youku.com/v_show/id_XMTg4NTk2OTc2.html","imgs":"http://r1.ykimg.com/05160000530328BB67583911C00E55FE"},{"title":"恋性世代","url":"//v.youku.com/v_show/id_XMzc5MDE4ODg4.html","imgs":"http://r1.ykimg.com/051600005A30ED3EADBDD3BCB4049111"},{"title":"人间中毒","url":"//v.youku.com/v_show/id_XODM2MzU4MzM2.html","imgs":"http://r1.ykimg.com/05160000549A7C9567379F3DAD01E6FE"},{"title":"赌侠","url":"//v.youku.com/v_show/id_XMTg4NTk1MjA4.html","imgs":"http://r1.ykimg.com/0516000054B4DFB367379F6ACC0B14EA"},{"title":"银河护卫队","url":"//v.youku.com/v_show/id_XODQ2NTMwOTg0.html","imgs":"http://r1.ykimg.com/051600005AF94B6B859B5CACD608D1FA"},{"title":"赌神","url":"//v.youku.com/v_show/id_XMTg4NTk0Mjcy.html","imgs":"http://r1.ykimg.com/0516000053A8DA8967379F149C08F36F"},{"title":"鬼打鬼","url":"//v.youku.com/v_show/id_XNzk5MTM3OTA0.html","imgs":"http://r1.ykimg.com/0516000053A8DFBD67379F1596072264"},{"title":"生化危机:终章","url":"//v.youku.com/v_show/id_XMjczMTQxMDA2NA==.html","imgs":"http://r1.ykimg.com/05160000596330CB859B5D0545073CF0"},{"title":"西游记之大圣归来","url":"//v.youku.com/v_show/id_XMTM4OTE5Mjc2OA==.html","imgs":"http://r1.ykimg.com/051600005964361E859B5E09F20B1FA5"},{"title":"毒.诫","url":"http://v.youku.com/v_show/id_XMjYwOTEzODc2OA==.html","imgs":"http://r1.ykimg.com/051600005A332A74AD881A03E907E3F2"},{"title":"飞龙猛将","url":"//v.youku.com/v_show/id_XNjEzMzE0NjU2.html","imgs":"http://r1.ykimg.com/051600005239066367583962830914BA"},{"title":"特种兵之战狼归来","url":"//v.youku.com/v_show/id_XMzE3ODc1Mzc2OA==.html","imgs":"http://r1.ykimg.com/051600005A1CF01BADBDD339E40798A2"},{"title":"赌侠2之上海滩赌圣","url":"//v.youku.com/v_show/id_XMTkyODE3MTYw.html","imgs":"http://r1.ykimg.com/0516000054C9D6D667379F1CD002EFE0"},{"title":"功夫","url":"//v.youku.com/v_show/id_XMTQwNzMzMTc1Mg==.html","imgs":"http://r1.ykimg.com/051600005993A552ADBA1F04CB09FDEB"},{"title":"雷神3：诸神黄昏","url":"//v.youku.com/v_show/id_XMzM3NzUyMjY4OA==.html","imgs":"http://r1.ykimg.com/0516000059F2A98BADBC0904C8093885"},{"title":"一个人的武林","url":"//v.youku.com/v_show/id_XODQwMTY4NDg0.html","imgs":"http://r1.ykimg.com/051600005A1D3210859B5D0399021661"},{"title":"唐人街探案","url":"//v.youku.com/v_show/id_XMTQ2NTc4MTk1Ng==.html","imgs":"http://r1.ykimg.com/051600005672582F67BC3C67550470C2"},{"title":"神奇马戏团","url":"//v.youku.com/v_show/id_XMzgwMDgwNjc0MA==.html","imgs":"http://r1.ykimg.com/051600005B7D0A7A859B5D5CC40243A1"},{"title":"罗曼蒂克消亡史","url":"//v.youku.com/v_show/id_XMjUyMjAwNjcyNA==.html","imgs":"http://r1.ykimg.com/05160000584A574567BC3C3A87070DA0"},{"title":"十兄弟","url":"//v.youku.com/v_show/id_XMzE2MDk5ODAzNg==.html","imgs":"http://r1.ykimg.com/0516000059F81457ADBA1F04A303E258"},{"title":"报告老板第二季!","url":"//v.youku.com/v_show/id_XMTU1ODU5MTkwNA==.html","imgs":"http://r1.ykimg.com/0516000059CC8B19ADBA1F146609C4EC"},{"title":"敢死队2","url":"//v.youku.com/v_show/id_XNDYzMTQyMDAw.html","imgs":"http://r1.ykimg.com/051600005953554AADBA1FAABF02FB54"},{"title":"悟空传","url":"//v.youku.com/v_show/id_XMjk3ODcwNzgzMg==.html","imgs":"http://r1.ykimg.com/05160000595F4E4AADBA1F05140E8DE5"},{"title":"后来的我们","url":"//v.youku.com/v_show/id_XMzY3NTIxMjgwOA==.html","imgs":"http://r1.ykimg.com/051600005ADD4934859B5E03FD0C9179"},{"title":"猪猪侠之终极决战","url":"//v.youku.com/v_show/id_XMTMwMzU3NTc2OA==.html","imgs":"http://r1.ykimg.com/051600005A169D9FADBAC3054306365E"},{"title":"驴得水","url":"//v.youku.com/v_show/id_XMTg2MDkwMjU2OA==.html","imgs":"http://r1.ykimg.com/051600005822D54567BC3C26670B31EB"},{"title":"女子监狱大屠杀","url":"//v.youku.com/v_show/id_XMjYxNDEyNTQ4OA==.html","imgs":"http://r1.ykimg.com/0516000058BFDB2BADBDD3EC54033615"},{"title":"人再囧途之泰囧","url":"//v.youku.com/v_show/id_XMjg1NDQ1NTk3Mg==.html","imgs":"http://r1.ykimg.com/051600005954B079ADBA1FA9D701AA2D"},{"title":"钢铁飞龙之再见奥特曼","url":"//v.youku.com/v_show/id_XMzIyMjA3ODM0MA==.html","imgs":"http://r1.ykimg.com/0516000059C4AB61ADBC0904AB007197"},{"title":"封神战纪","url":"//v.youku.com/v_show/id_XMzcwMzM3NzIxNg==.html","imgs":"http://r1.ykimg.com/051600005B65546DAD881A673A0563FD"},{"title":"极速之巅","url":"//v.youku.com/v_show/id_XMjc1Mzg3ODAxMg==.html","imgs":"http://r1.ykimg.com/0516000059DB3B46ADBA1F1F69033B6F"},{"title":"海绵宝宝","url":"//v.youku.com/v_show/id_XMTQ5MzUxMzc3Ng==.html","imgs":"http://r1.ykimg.com/051600005994F7BDADBA1F04BF0152D3"},{"title":"家园防线","url":"//v.youku.com/v_show/id_XNzE2MDE4MDEy.html","imgs":"http://r1.ykimg.com/0516000052D77ACA67583970E50B0B15"},{"title":"古惑仔4之战无不胜","url":"//list.youku.com/show/id_zcc03c732962411de83b1.html","imgs":"http://r1.ykimg.com/051600005861CA3167BC3C7FFF0CD647"},{"title":"铁血英雄","url":"//v.youku.com/v_show/id_XMzYwNDg0ODUwOA==.html","imgs":"http://r1.ykimg.com/051600005AF7E3B8ADBA1F7AB50E8D57"},{"title":"环太平洋：雷霆再起","url":"//v.youku.com/v_show/id_XMzY0NzIwODI3Ng==.html","imgs":"http://r1.ykimg.com/051600005A7BADCCADBA1F26C302AC81"},{"title":"旋风小子","url":"//v.youku.com/v_show/id_XMTg0NDc0OTU2.html","imgs":"http://r1.ykimg.com/05160000530164CE675839312302845E"},{"title":"血观音","url":"http://v.youku.com/v_show/id_XMzEwNDE2MTQzNg==.html","imgs":"http://r1.ykimg.com/0516000059F684F3859B5D04BD06FB88"},{"title":"敢死队3","url":"//v.youku.com/v_show/id_XMjg1NDY3NDQwNA==.html","imgs":"http://r1.ykimg.com/0516000059799812ADBA1F04BA0B484B"},{"title":"龙城古墓","url":"//v.youku.com/v_show/id_XMzM0NTI4NDcxNg==.html","imgs":"http://r1.ykimg.com/051600005A921D55859B5EF1BA02A8C2"},{"title":"功夫熊猫3","url":"//v.youku.com/v_show/id_XMTU2NTk5MDgxMg==.html","imgs":"http://r1.ykimg.com/051600005A3F7E40AD881A066F045606"},{"title":"奔跑吧兄弟","url":"//v.youku.com/v_show/id_XOTAwNzA3ODcy.html","imgs":"http://r1.ykimg.com/0516000054C9AB4F67379F72FC01F12D"},{"title":"夜关门:欲望之花","url":"//v.youku.com/v_show/id_XODM5MjUyMjc2.html","imgs":"http://r1.ykimg.com/05160000549A801767379F3A8C02707A"},{"title":"黄飞鸿","url":"//v.youku.com/v_show/id_XNjIwMDMzOTM2.html","imgs":"http://r1.ykimg.com/05160000535DCA1F67379F50A80AB647"},{"title":"澳门风云","url":"//v.youku.com/v_show/id_XNjk5MjE2NTc2.html","imgs":"http://r1.ykimg.com/05160000596D794EADBDD37DA8006624"},{"title":"古惑仔3之只手遮天","url":"http://v.youku.com/v_show/id_XNDAzNzQ1MDM2.html","imgs":"http://r1.ykimg.com/0516000051B428726758390CE80326D2"},{"title":"的士速递4","url":"//v.youku.com/v_show/id_XNjQ0MDY3MDIw.html","imgs":"http://r1.ykimg.com/051600005A20BA39ADBDD305350B1CA7"},{"title":"功夫瑜伽","url":"//v.youku.com/v_show/id_XMjY1NDkzNzEzMg==.html","imgs":"http://r1.ykimg.com/051600005824087067BC3C7C6F02B9EF"},{"title":"三生三世十里桃花","url":"//v.youku.com/v_show/id_XMzAwMTA5MTcwMA==.html","imgs":"http://r1.ykimg.com/0516000059A61C24ADBA1F048B070D3B"},{"title":"方世玉","url":"//v.youku.com/v_show/id_XMzA1NTA4NjUwNA==.html","imgs":"http://r1.ykimg.com/0516000054B363F267379F1D4F0CD9F0"},{"title":"星球大战外传：侠盗一号","url":"//v.youku.com/v_show/id_XMjY1NjYyNDE5Mg==.html","imgs":"http://r1.ykimg.com/05160000593F92C5ADBC09ADB609B294"},{"title":"古惑仔2之猛龙过江","url":"http://v.youku.com/v_show/id_XMzI4NDU2MTExMg==.html","imgs":"http://r1.ykimg.com/0516000053016CC0675839383F0879B8"},{"title":"的士速递3","url":"//v.youku.com/v_show/id_XMTg1NDgzNjc2OA==.html","imgs":"http://r1.ykimg.com/051600005992B8B1ADBA1F04C406369C"},{"title":"美国队长3","url":"//v.youku.com/v_show/id_XMTcyMjExODE0NA==.html","imgs":"http://r1.ykimg.com/05160000593F9291ADBC09B3180D2E34"},{"title":"不可思异","url":"//v.youku.com/v_show/id_XMTQzMDQ4MjcyMA==.html","imgs":"http://r1.ykimg.com/05160000564ED08967BC3C69B9053B7A"},{"title":"疯狂动物城","url":"//v.youku.com/v_show/id_XMTU3MjI1MTk1Mg==.html","imgs":"http://r1.ykimg.com/0516000056AEC3E767BC3C4574092CD3"},{"title":"赌神3:少年赌神","url":"//v.youku.com/v_show/id_XMTkyODY5ODM2.html","imgs":"http://r1.ykimg.com/05160000530E9E9067583933E30CEF79"},{"title":"深海巨妖","url":"//v.youku.com/v_show/id_XMzcxODk0Nzc2NA==.html","imgs":"http://r1.ykimg.com/051600005B45D17EADBDD333610755AB"},{"title":"麻烦家族","url":"//v.youku.com/v_show/id_XMjg1MjM4ODM0MA==.html","imgs":"http://r1.ykimg.com/051600005900729EADBDD32E0C04FB46"},{"title":"西游记之孙悟空三打白骨精","url":"//v.youku.com/v_show/id_XMTUyNjAyMzcxMg==.html","imgs":"http://r1.ykimg.com/05160000596332E5AD881A03D5056024"},{"title":"疯狂原始人","url":"//v.youku.com/v_show/id_XNTc3OTU5NzI4.html","imgs":"http://r1.ykimg.com/05160000599A8D0A859B5C04BF0B8901"},{"title":"特警屠龙","url":"//v.youku.com/v_show/id_XOTEzNTcyMzA0.html","imgs":"http://r1.ykimg.com/0516000053BB80B567379F147104E210"},{"title":"恶棍天使","url":"//v.youku.com/v_show/id_XMTQ3OTExODg1Mg==.html","imgs":"http://r1.ykimg.com/051600005A19183BADBAC30548053F4C"}]